category_slug,subcategory_slug,macro_bloco
1_alimentacao,acougue,ESSENCIAL
1_alimentacao,barzinho,ESTILO_DE_VIDA
1_alimentacao,bebidas,ESTILO_DE_VIDA
1_alimentacao,bebidas_alcoolica,ESTILO_DE_VIDA
1_alimentacao,bebidas_outros,ESTILO_DE_VIDA
1_alimentacao,bolo,ESTILO_DE_VIDA
1_alimentacao,carne,ESSENCIAL
1_alimentacao,cafe_lanche,ESTILO_DE_VIDA
1_alimentacao,cafeteria,ESTILO_DE_VIDA
1_alimentacao,cerveja,ESTILO_DE_VIDA
1_alimentacao,cha,ESSENCIAL
1_alimentacao,churrasco,ESTILO_DE_VIDA
1_alimentacao,comida_japonesa,ESTILO_DE_VIDA
1_alimentacao,delivery,ESTILO_DE_VIDA
1_alimentacao,doce,ESTILO_DE_VIDA
1_alimentacao,emporio_diversos,ESSENCIAL
1_alimentacao,espetinho,ESTILO_DE_VIDA
1_alimentacao,frango_assado,ESTILO_DE_VIDA
1_alimentacao,feira,ESSENCIAL
1_alimentacao,lanche_lanchonete,ESTILO_DE_VIDA
1_alimentacao,marmita,ESSENCIAL
1_alimentacao,massas,ESSENCIAL
1_alimentacao,oleaginosas,ESSENCIAL
1_alimentacao,outros_alimentos,ESSENCIAL
1_alimentacao,outros_atualizacao,
1_alimentacao,padaria,ESSENCIAL
1_alimentacao,pizza_pizzaria,ESTILO_DE_VIDA
1_alimentacao,refeicao_almoco_janta,ESSENCIAL
1_alimentacao,restaurante,ESTILO_DE_VIDA
1_alimentacao,sorveteria,ESTILO_DE_VIDA
1_alimentacao,supermercado,ESSENCIAL
1_alimentacao,suplemento,ESTILO_DE_VIDA
1_alimentacao,varejao,ESSENCIAL
1_alimentacao,vinho,ESTILO_DE_VIDA
1_alimentacao,ajuste,
2_habitacao,agua,ESSENCIAL
2_habitacao,aluguel,ESSENCIAL
2_habitacao,artigos_de_limpeza,ESSENCIAL
2_habitacao,condominio,ESSENCIAL
2_habitacao,empregada_diarista,ESSENCIAL
2_habitacao,energia_eletrica,ESSENCIAL
2_habitacao,financiamento,ESSENCIAL
2_habitacao,gas,ESSENCIAL
2_habitacao,iptu,ESSENCIAL
2_habitacao,jardinagem,ESSENCIAL
2_habitacao,manutencao_reparo,ESSENCIAL
2_habitacao,mudanca,ESSENCIAL
2_habitacao,outros_habitacao,ESSENCIAL
2_habitacao,reforma,ESSENCIAL
2_habitacao,servicos_de_limpeza,ESSENCIAL
2_habitacao,taxa_de_agua_e_esgoto,ESSENCIAL
2_habitacao,taxa_de_energia_eletrica,ESSENCIAL
3_art_residencia,ap_eletroeletronicos,ESTILO_DE_VIDA
3_art_residencia,ar_condicionado,ESTILO_DE_VIDA
3_art_residencia,artigos_de_iluminacao,ESTILO_DE_VIDA
3_art_residencia,artigos_casa_inteligente,ESTILO_DE_VIDA
3_art_residencia,cama_mesa_e_banho,ESTILO_DE_VIDA
3_art_residencia,chaveiro,ESSENCIAL
3_art_residencia,chuveiro_eletrico,ESSENCIAL
3_art_residencia,cofre,ESTILO_DE_VIDA
3_art_residencia,computador_notebook,ESTILO_DE_VIDA
3_art_residencia,conserto_de_ap_celular,ESTILO_DE_VIDA
3_art_residencia,conserto_de_bicicleta,ESTILO_DE_VIDA
3_art_residencia,conserto_diversos,ESSENCIAL
3_art_residencia,conserto_de_eletronicos,ESSENCIAL
3_art_residencia,cortina,ESTILO_DE_VIDA
3_art_residencia,eletrica_hidraulica,ESSENCIAL
3_art_residencia,eletrodomestico,ESSENCIAL
3_art_residencia,ferramentas,ESSENCIAL
3_art_residencia,flores_artificiais,ESTILO_DE_VIDA
3_art_residencia,flores_naturais,ESTILO_DE_VIDA
3_art_residencia,fogao,ESSENCIAL
3_art_residencia,fornecedor,ESTILO_DE_VIDA
3_art_residencia,fornecedor_de_metal,ESTILO_DE_VIDA
3_art_residencia,informatica,ESTILO_DE_VIDA
3_art_residencia,jardinagem,ESTILO_DE_VIDA
3_art_residencia,manutencao,ESSENCIAL
3_art_residencia,manutencao_eletronicos,ESSENCIAL
3_art_residencia,maquina_de_lavar_roupa,ESSENCIAL
3_art_residencia,materiais_de_construcao,ESTILO_DE_VIDA
3_art_residencia,movel,ESTILO_DE_VIDA
3_art_residencia,outros,ESTILO_DE_VIDA
3_art_residencia,pintura,ESTILO_DE_VIDA
3_art_residencia,reforma,ESSENCIAL
3_art_residencia,reforma_de_estofado,ESTILO_DE_VIDA
3_art_residencia,reforma_da_residencia,ESTILO_DE_VIDA
3_art_residencia,refrigerador,ESSENCIAL
3_art_residencia,serralheria,ESSENCIAL
3_art_residencia,tapete,ESTILO_DE_VIDA
3_art_residencia,utensilios_e_enfeites,ESTILO_DE_VIDA
3_art_residencia,ventilador,ESTILO_DE_VIDA
4_vestuario,acessorios,ESTILO_DE_VIDA
4_vestuario,artigos_de_armarinho,ESTILO_DE_VIDA
4_vestuario,blusa,ESTILO_DE_VIDA
4_vestuario,blusinha,ESTILO_DE_VIDA
4_vestuario,bolsa,ESTILO_DE_VIDA
4_vestuario,calca,ESTILO_DE_VIDA
4_vestuario,calcado,ESTILO_DE_VIDA
4_vestuario,camiseta,ESTILO_DE_VIDA
4_vestuario,chinelo,ESTILO_DE_VIDA
4_vestuario,conserto_em_sapataria,ESTILO_DE_VIDA
4_vestuario,cueca,ESTILO_DE_VIDA
4_vestuario,joias_bijuterias,ESTILO_DE_VIDA
4_vestuario,lingerie,ESTILO_DE_VIDA
4_vestuario,mochila,ESTILO_DE_VIDA
4_vestuario,oculos,ESTILO_DE_VIDA
4_vestuario,oculos_de_grau,ESSENCIAL
4_vestuario,oculos_de_sol,ESTILO_DE_VIDA
4_vestuario,outros_vestuario,ESTILO_DE_VIDA
4_vestuario,relogio_de_pulso,ESTILO_DE_VIDA
4_vestuario,roupa_feminina,ESTILO_DE_VIDA
4_vestuario,roupa_infantil,ESTILO_DE_VIDA
4_vestuario,roupa_masculina,ESTILO_DE_VIDA
4_vestuario,roupa_diversos,ESTILO_DE_VIDA
4_vestuario,sandalia,ESTILO_DE_VIDA
4_vestuario,sapato,ESTILO_DE_VIDA
4_vestuario,tecido,ESTILO_DE_VIDA
4_vestuario,tenis,ESTILO_DE_VIDA
4_vestuario,uniforme_outros,ESSENCIAL
4_vestuario,uniforme_de_trabalho,ESSENCIAL
4_vestuario,uniforme_escolar,ESSENCIAL
5_transporte,abastecimento,ESSENCIAL
5_transporte,acessorios_e_pecas,ESSENCIAL
5_transporte,aluguel_de_veiculo,ESTILO_DE_VIDA
5_transporte,automovel_novo,ESTILO_DE_VIDA
5_transporte,combustivel,ESSENCIAL
5_transporte,conserto,ESSENCIAL
5_transporte,documento_veiculo,ESSENCIAL
5_transporte,emplacamento,ESSENCIAL
5_transporte,estacionamento,ESSENCIAL
5_transporte,estetica_automotiva,ESTILO_DE_VIDA
5_transporte,financiamento_veiculo,ESSENCIAL
5_transporte,ipva,ESSENCIAL
5_transporte,lavagem,ESSENCIAL
5_transporte,licenciamento,ESSENCIAL
5_transporte,manutencao,ESSENCIAL
5_transporte,metro_trem,ESSENCIAL
5_transporte,motocicleta,ESSENCIAL
5_transporte,multa,ESSENCIAL
5_transporte,oleo_lubrificante,ESSENCIAL
5_transporte,outros_transporte,ESSENCIAL
5_transporte,passagem_aerea,ESTILO_DE_VIDA
5_transporte,passagem_de_onibus,ESSENCIAL
5_transporte,passagem_diversas,ESSENCIAL
5_transporte,pedagios,ESSENCIAL
5_transporte,pintura_de_veiculo,ESTILO_DE_VIDA
5_transporte,pneu,ESSENCIAL
5_transporte,rastreador,ESSENCIAL
5_transporte,reparo,ESSENCIAL
5_transporte,revisao,ESSENCIAL
5_transporte,seguro_protecao,ESSENCIAL
5_transporte,seguro_obrigatorio,ESSENCIAL
5_transporte,servico_tag_app,ESSENCIAL
5_transporte,taxa_transferencia,ESSENCIAL
5_transporte,transporte_escolar,ESSENCIAL
5_transporte,transporte_p_aplicativo,ESSENCIAL
5_transporte,transporte_publico,ESSENCIAL
5_transporte,veiculo_proprio,ESSENCIAL
5_transporte,vistoria_veicular,ESSENCIAL
6_saude,cirurgia,ESSENCIAL
6_saude,cuidados_pessoais,ESSENCIAL
6_saude,dermatologico,ESSENCIAL
6_saude,dentista,ESSENCIAL
6_saude,exame,ESSENCIAL
6_saude,exame_de_imagem,ESSENCIAL
6_saude,fisioterapeuta,ESSENCIAL
6_saude,higiene_pessoal,ESSENCIAL
6_saude,hormonal,ESSENCIAL
6_saude,medico,ESSENCIAL
6_saude,oculos,ESSENCIAL
6_saude,oculos_de_grau,ESSENCIAL
6_saude,outro_saude,ESSENCIAL
6_saude,plano_odontologico,ESSENCIAL
6_saude,plano_de_saude,ESSENCIAL
6_saude,produtos_farmaceuticos,ESSENCIAL
6_saude,produtos_oticos,ESSENCIAL
6_saude,psicologo,ESSENCIAL
6_saude,remedio,ESSENCIAL
6_saude,seguro_de_vida,ESSENCIAL
6_saude,servico_de_saude,ESSENCIAL
6_saude,servicos_hospitalares,ESSENCIAL
6_saude,servicos_laboratoriais,ESSENCIAL
6_saude,vitaminas_e_fortificantes,ESSENCIAL
7_des_pessoais,academia,ESTILO_DE_VIDA
7_des_pessoais,acessorios,ESTILO_DE_VIDA
7_des_pessoais,acessorios_p_celulares,ESTILO_DE_VIDA
7_des_pessoais,artigos_esportivos,ESTILO_DE_VIDA
7_des_pessoais,atividade_fisica_diversos,ESTILO_DE_VIDA
7_des_pessoais,barbearia,ESTILO_DE_VIDA
7_des_pessoais,bicicleta,ESTILO_DE_VIDA
7_des_pessoais,brinquedo,ESTILO_DE_VIDA
7_des_pessoais,cabeleireiro,ESTILO_DE_VIDA
7_des_pessoais,cartorio,ESSENCIAL
7_des_pessoais,casa_noturna,ESTILO_DE_VIDA
7_des_pessoais,cigarro_fumo,ESTILO_DE_VIDA
7_des_pessoais,cinema_teatro_cons,ESTILO_DE_VIDA
7_des_pessoais,celular,ESTILO_DE_VIDA
7_des_pessoais,clube,ESTILO_DE_VIDA
7_des_pessoais,clube_de_pontos,ESTILO_DE_VIDA
7_des_pessoais,conselho_de_classe,ESSENCIAL
7_des_pessoais,corrida,ESTILO_DE_VIDA
7_des_pessoais,cosmeticos,ESTILO_DE_VIDA
7_des_pessoais,costureira,ESTILO_DE_VIDA
7_des_pessoais,depilacao,ESTILO_DE_VIDA
7_des_pessoais,despachante,ESSENCIAL
7_des_pessoais,doacao_dizimo,ESSENCIAL
7_des_pessoais,ferramenta_utensilio,ESTILO_DE_VIDA
7_des_pessoais,festa,ESTILO_DE_VIDA
7_des_pessoais,hospedagem,ESTILO_DE_VIDA
7_des_pessoais,instrumento_musical,ESTILO_DE_VIDA
7_des_pessoais,jogo_game,ESTILO_DE_VIDA
7_des_pessoais,jogo_de_azar,ESTILO_DE_VIDA
7_des_pessoais,lazer,ESTILO_DE_VIDA
7_des_pessoais,manicure,ESTILO_DE_VIDA
7_des_pessoais,material_caca_e_pesca,ESTILO_DE_VIDA
7_des_pessoais,marketplace,ESTILO_DE_VIDA
7_des_pessoais,outros_pessoal,ESTILO_DE_VIDA
7_des_pessoais,outros_vestuario,ESTILO_DE_VIDA
7_des_pessoais,pacote_turistico,ESTILO_DE_VIDA
7_des_pessoais,perfumaria,ESTILO_DE_VIDA
7_des_pessoais,pet_geral,ESTILO_DE_VIDA
7_des_pessoais,pilha,ESTILO_DE_VIDA
7_des_pessoais,presente,ESTILO_DE_VIDA
7_des_pessoais,presente_a_parente,ESTILO_DE_VIDA
7_des_pessoais,presente_a_terceiro,ESTILO_DE_VIDA
7_des_pessoais,presente_proprio,ESTILO_DE_VIDA
7_des_pessoais,rateio,ESTILO_DE_VIDA
7_des_pessoais,recreacao,ESTILO_DE_VIDA
7_des_pessoais,relogio,ESTILO_DE_VIDA
7_des_pessoais,rifa,ESTILO_DE_VIDA
7_des_pessoais,salao_depilacao,ESTILO_DE_VIDA
7_des_pessoais,servico_bancario,ESSENCIAL
7_des_pessoais,shopping_outros,ESTILO_DE_VIDA
7_des_pessoais,sobrancelha,ESTILO_DE_VIDA
7_des_pessoais,viagem_outros,ESTILO_DE_VIDA
8_educacao,agenda,ESSENCIAL
8_educacao,artigos_de_papelaria,ESSENCIAL
8_educacao,atividade_fisica,ESTILO_DE_VIDA
8_educacao,autoescola,ESTILO_DE_VIDA
8_educacao,creche,ESSENCIAL
8_educacao,curso,ESTILO_DE_VIDA
8_educacao,curso_de_idioma,ESTILO_DE_VIDA
8_educacao,curso_preparatorio,ESTILO_DE_VIDA
8_educacao,curso_tecnico,ESTILO_DE_VIDA
8_educacao,doutorado,ESTILO_DE_VIDA
8_educacao,ensino_fundamental,ESSENCIAL
8_educacao,ensino_medio,ESSENCIAL
8_educacao,ensino_superior,ESTILO_DE_VIDA
8_educacao,escola,ESSENCIAL
8_educacao,idioma,ESTILO_DE_VIDA
8_educacao,leitura,ESSENCIAL
8_educacao,livro,ESSENCIAL
8_educacao,material_acessorios,ESSENCIAL
8_educacao,mestrado,ESTILO_DE_VIDA
8_educacao,outros_educacao,ESSENCIAL
8_educacao,papelaria,ESSENCIAL
8_educacao,plataforma_de_questoes,ESTILO_DE_VIDA
8_educacao,pos_graduacao,ESTILO_DE_VIDA
8_educacao,pre_escola,ESSENCIAL
8_educacao,video_aula,ESTILO_DE_VIDA
9_comunicacao,acesso_a_internet,ESSENCIAL
9_comunicacao,aparelho_telefonico,ESSENCIAL
9_comunicacao,app_de_celular,ESTILO_DE_VIDA
9_comunicacao,assinatura_beneficios,ESTILO_DE_VIDA
9_comunicacao,assinatura_marketing,ESTILO_DE_VIDA
9_comunicacao,assinatura_tv_tel_int,ESTILO_DE_VIDA
9_comunicacao,chip,ESSENCIAL
9_comunicacao,correios,ESSENCIAL
9_comunicacao,diverso,ESTILO_DE_VIDA
9_comunicacao,ia_inteligencia_artificial,ESTILO_DE_VIDA
9_comunicacao,plano_de_tel_fixa,ESSENCIAL
9_comunicacao,plano_de_tel_movel,ESSENCIAL
9_comunicacao,servicos_de_streaming,ESTILO_DE_VIDA
9_comunicacao,tecnologia,ESTILO_DE_VIDA
outras_desp,compra_internacional,ESTILO_DE_VIDA
outras_desp,despesas_c_juros,OBRIGACAO
outras_desp,despesas_c_juros_bancario,OBRIGACAO
outras_desp,emprestimo_consignado,OBRIGACAO
outras_desp,emprestimo_pessoal,OBRIGACAO
outras_desp,outras_despesas,
outras_desp,tarifas_bancarias,OBRIGACAO
outras_desp,tributo,OBRIGACAO
outras_desp,taxa_banco_outros,OBRIGACAO
outras_desp,taxa_de_cartao_anualidade,OBRIGACAO
outras_desp,taxa_de_servicos_bancario,OBRIGACAO
